{
  "siteTitle": "AstroLaunch UI",
  "products": [
    {
      "id": "01",
      "thumb_src": "https://images.unsplash.com/photo-1605236453806-6ff36851218e?ixlib=rb-4.0.3&ixid=MnwxMjA3fDB8MHxwaG90by1wYWdlfHx8fGVufDB8fHx8&auto=format&fit=crop&w=400&q=80",
      "thumb_alt": "watch-image",
      "images": [
        {
          "src": "https://images.unsplash.com/photo-1611930021592-a8cfd5319ceb?ixlib=rb-4.0.3&ixid=MnwxMjA3fDB8MHxwaG90by1wYWdlfHx8fGVufDB8fHx8&auto=format&fit=crop&w=987&q=80",
          "alt": "first_image"
        },
        {
          "src": "https://images.unsplash.com/photo-1526170375885-4d8ecf77b99f?ixlib=rb-4.0.3&ixid=MnwxMjA3fDB8MHxwaG90by1wYWdlfHx8fGVufDB8fHx8&auto=format&fit=crop&w=800&q=80",
          "alt": "second_image"
        },
        {
          "src": "https://images.unsplash.com/photo-1513116476489-7635e79feb27?ixlib=rb-4.0.3&ixid=MnwxMjA3fDB8MHxwaG90by1wYWdlfHx8fGVufDB8fHx8&auto=format&fit=crop&w=800&q=80",
          "alt": "third_image"
        },
        {
          "src": "https://images.unsplash.com/photo-1611930022073-b7a4ba5fcccd?ixlib=rb-4.0.3&ixid=MnwxMjA3fDB8MHxwaG90by1wYWdlfHx8fGVufDB8fHx8&auto=format&fit=crop&w=987&q=80",
          "alt": "fourth_image"
        }
      ],
      "color": "8 colors",
      "colors": [
        "red", 
        "blue", 
        "green"
      ],
      "title": "Basic Starter Pack",
      "price": 399,
      "description": "That’s the main thing people are controlled by! Thoughts- their perception of themselves!",
      "full_description": "The Basic Starter Pack allows you to fully express your vibrant personality with four grayscale options. Feeling adventurous? Put on a heather gray shirt. Want to be a trendsetter? Try our exclusive colorway: `Orange`. Need to add an extra pop of color to your outfit? Our white shirt has you covered.",
      "details": "The Stater pack includes 2 black, 2 white, and 2 heather gray Basic Shirts. Sign up for our subscription service and be the first to get new, exciting colors, like our upcoming `Charcoal Gray` limited release.",
      "highlights": [
        "Hand cut and sewn locally",
        "Dryed with our proprietary colors",
        "Pre-washed & pre-shrunk with caution",
        "Ultra-soft 100% cotton"
      ],
      "features": [
        "Multiple strap configuration",
        "Water Resistant",
        "Stainless strap loops",
        "Ultra-soft 100% cotton"
      ],
      "rating": 4,
      "reviews": 117,
      "size": "Small",
      "sizes": {
        "XXS": 3,
        "XS": 3,
        "S": 0,
        "M": 1,
        "L": 1213,
        "XL": 6,
        "2XL": 2,
        "3XL": 0
      },
      "data": {
        "Features": "The time is now for it to be okay to be great. People in this world shun people for being great. For being a bright color. For standing out. But the time is now to be okay to be the greatest you.",
        "Care": "It really matters and then like it really doesn`t matter. What matters is the people who are sparked by it. And the people who are like offended by it, it doesn`t matter. Because it's about motivating the doers. Because I`m here to follow my dreams and inspire other people to follow their dreams, too.",
        "Shipping": "The time is now for it to be okay to be great. People in this world shun people for being great. For being a bright color. For standing out. But the time is now to be okay to be the greatest you. Would you believe in what you believe in, if you were the only one who believed it?",
        "Returns": "I always felt like I could do anything. That`s the main thing people are controlled by! Thoughts- their perception of themselves! They're slowed down by their perception of themselves. If you're taught you can`t do anything, you won`t do anything. I was taught I could do everything."
      },
      "featuresDetails": {
        "Origin": "Designed by Good Goods, Inc.",
        "Material": "Solid walnut base with rare earth magnets and powder coated steel card cover",
        "Dimensions": "6.25 x 3.55' x 1.15'",
        "Finish": "Hand sanded and finished with natural oil",
        "Includes": "Wood card tray and 3 refill packs",
        "Considerations": "Made from natural materials. Grain and color vary with each item."
      },
      "stock": true
    },
    {
      "id": "02",
      "thumb_src": "https://images.unsplash.com/photo-1548960254-5139d80bd5ec?ixlib=rb-4.0.3&ixid=MnwxMjA3fDB8MHxwaG90by1wYWdlfHx8fGVufDB8fHx8&auto=format&fit=crop&w=400&q=80",
      "thumb_alt": "watch-image",
      "images": [
        {
          "src": "https://images.unsplash.com/photo-1511499767150-a48a237f0083?ixlib=rb-4.0.3&ixid=MnwxMjA3fDB8MHxwaG90by1wYWdlfHx8fGVufDB8fHx8&auto=format&fit=crop&w=400&q=80",
          "alt": "first_image"
        },
        {
          "src": "https://images.unsplash.com/photo-1572635196237-14b3f281503f?ixlib=rb-4.0.3&ixid=MnwxMjA3fDB8MHxwaG90by1wYWdlfHx8fGVufDB8fHx8&auto=format&fit=crop&w=400&q=80",
          "alt": "second_image"
        },
        {
          "src": "https://images.unsplash.com/photo-1508296695146-257a814070b4?ixlib=rb-4.0.3&ixid=MnwxMjA3fDB8MHxwaG90by1wYWdlfHx8fGVufDB8fHx8&auto=format&fit=crop&w=400&q=80",
          "alt": "third_image"
        },
        {
          "src": "https://images.unsplash.com/photo-1522125123931-9304d91a42ee?ixlib=rb-4.0.3&ixid=MnwxMjA3fDB8MHxwaG90by1wYWdlfHx8fGVufDB8fHx8&auto=format&fit=crop&w=800&q=80",
          "alt": "fourth_image"
        }
      ],
      "color": "Black",
      "colors": ["black", "green"],
      "title": "Apple Watch",
      "price": 199,
      "rating": 5,
      "reviews": 117,
      "description": "That’s the main thing people are controlled by! Thoughts- their perception of themselves!",
      "full_description": "The 6-Pack includes two black, two white, and two heather gray Basic Tees. Sign up for our subscription service and be the first to get new, exciting colors, like our upcoming `Charcoal Gray` limited release.",
      "features": [
        "Multiple strap configuration",
        "Water Resistant",
        "Stainless strap loops",
        "Ultra-soft 100% cotton"
      ],
      "size": "Medium",
      "sizes": {
        "XXS": 1,
        "XS": 3,
        "S": 0,
        "M": 1,
        "L": 0,
        "XL": 6,
        "2XL": 2,
        "3XL": 0
      },
      "data": {
        "Features": "The time is now for it to be okay to be great. People in this world shun people for being great. For being a bright color. For standing out. But the time is now to be okay to be the greatest you.",
        "Care": "It really matters and then like it really doesn`t matter. What matters is the people who are sparked by it. And the people who are like offended by it, it doesn`t matter. Because it's about motivating the doers. Because I`m here to follow my dreams and inspire other people to follow their dreams, too.",
        "Shipping": "The time is now for it to be okay to be great. People in this world shun people for being great. For being a bright color. For standing out. But the time is now to be okay to be the greatest you. Would you believe in what you believe in, if you were the only one who believed it?",
        "Returns": "I always felt like I could do anything. That`s the main thing people are controlled by! Thoughts- their perception of themselves! They're slowed down by their perception of themselves. If you're taught you can`t do anything, you won`t do anything. I was taught I could do everything."
      },
      "featuresDetails": {
        "Origin": "Designed by Good Goods, Inc.",
        "Material": "Solid walnut base with rare earth magnets and powder coated steel card cover",
        "Dimensions": "6.25 x 3.55' x 1.15'",
        "Finish": "Hand sanded and finished with natural oil",
        "Includes": "Wood card tray and 3 refill packs",
        "Considerations": "Made from natural materials. Grain and color vary with each item."
      },
      "stock": false
    },
    {
      "id": "03",
      "thumb_src": "https://images.unsplash.com/photo-1494173853739-c21f58b16055?ixlib=rb-4.0.3&ixid=MnwxMjA3fDB8MHxwaG90by1wYWdlfHx8fGVufDB8fHx8&auto=format&fit=crop&w=400&q=80",
      "thumb_alt": "iMac-image",
      "images": [
        {
          "src": "https://images.unsplash.com/photo-1567790350645-dbc1486a89c3?ixlib=rb-4.0.3&ixid=MnwxMjA3fDB8MHxwaG90by1wYWdlfHx8fGVufDB8fHx8&auto=format&fit=crop&w=600&q=80",
          "alt": "first_image"
        },
        {
          "src": "https://images.unsplash.com/photo-1593088177922-aa1c5055c7b1?ixlib=rb-4.0.3&ixid=MnwxMjA3fDB8MHxwaG90by1wYWdlfHx8fGVufDB8fHx8&auto=format&fit=crop&w=600&q=80",
          "alt": "second_image"
        },
        {
          "src": "https://images.unsplash.com/photo-1635594202056-9ea3b497e5c0?ixlib=rb-4.0.3&ixid=MnwxMjA3fDB8MHxwaG90by1wYWdlfHx8fGVufDB8fHx8&auto=format&fit=crop&w=600&q=80",
          "alt": "third_image"
        },
        {
          "src": "https://images.unsplash.com/photo-1593085260707-5377ba37f868?ixlib=rb-4.0.3&ixid=MnwxMjA3fDB8MHxwaG90by1wYWdlfHx8fGVufDB8fHx8&auto=format&fit=crop&w=600&q=80",
          "alt": "fourth_image"
        }
      ],
      "color": "Yellow",
      "colors": ["SpaceGray"],
      "title": "iMac",
      "description": "There’s nothing I really wanted to do in life that I wasn’t able to get good at. That’s my skill. I’m not really specifically talented",
      "price": 1399,
      "size": "Large",
      "sizes": {
        "XXS": 1,
        "XS": 3,
        "S": 0,
        "M": 1,
        "L": 0,
        "XL": 6,
        "2XL": 2,
        "3XL": 0
      },
      "data": {
        "Design": "If everything I did failed - which it doesn't, it actually succeeds - just the fact that I'm willing to fail is an inspiration. People are so scared to lose that they don't even try. Like, one thing people can't say is that I'm not trying, and I'm not trying my hardest, and I'm not trying to do the best way I know how.",
        "Material": "The time is now for it to be okay to be great. People in this world shun people for being great. For being a bright color. For standing out. But the time is now to be okay to be the greatest you. Would you believe in what you believe in, if you were the only one who believed it? People are so scared to lose that they don't even try.",
        "Considerations": "I always felt like I could do anything. That’s the main thing people are controlled by! Thoughts- their perception of themselves! They're slowed down by their perception of themselves. If you're taught you can’t do anything, you won’t do anything. I was taught I could do everything.",
        "Included": "We’re not always in the position that we want to be at. We’re constantly growing. We’re constantly making mistakes. We’re constantly trying to express ourselves and actualize our dreams. If you have the opportunity to play this game of life you need to appreciate every moment. A lot of people don’t appreciate the moment until it’s passed."
      },
      "stock": true
    },
    {
      "id": "04",
      "thumb_src": "https://images.unsplash.com/photo-1505156868547-9b49f4df4e04?ixlib=rb-4.0.3&ixid=MnwxMjA3fDB8MHxwaG90by1wYWdlfHx8fGVufDB8fHx8&auto=format&fit=crop&w=400&q=80",
      "thumb_alt": "iPhone_thumb",
      "color": "Blue",
      "title": "iPhone",
      "description": "That’s the main thing people are controlled by! Thoughts- their perception of themselves!",
      "price": 1599.99,
      "size": "Small",
      "sizes": {
        "XXS": 1,
        "XS": 3,
        "S": 0,
        "M": 1,
        "L": 0,
        "XL": 6,
        "2XL": 2,
        "3XL": 0
      },
      "stock": false
    },
    {
      "id": "04",
      "thumb_src": "https://images.unsplash.com/photo-1546868871-7041f2a55e12?ixlib=rb-4.0.3&ixid=MnwxMjA3fDB8MHxwaG90by1wYWdlfHx8fGVufDB8fHx8&auto=format&fit=crop&w=400&q=80",
      "thumb_alt": "iWatch_thumb",
      "color": "Black",
      "title": "iWatch",
      "description": "I think that’s a responsibility that I have, to push possibilities, to show people..",
      "price": 599,
      "size": "Regular",
      "sizes": {
        "XXS": 1,
        "XS": 3,
        "S": 0,
        "M": 1,
        "L": 0,
        "XL": 6,
        "2XL": 2,
        "3XL": 0
      },
      "stock": false
    }
  ],
  "categories": [
    {
      "thumb_src": "https://images.unsplash.com/photo-1491933382434-500287f9b54b?ixlib=rb-4.0.3&ixid=MnwxMjA3fDB8MHxwaG90by1wYWdlfHx8fGVufDB8fHx8&auto=format&fit=crop&w=400&q=80",
      "title": "Electronics"
    },
    {
      "thumb_src": "https://images.unsplash.com/photo-1541643600914-78b084683601?ixlib=rb-4.0.3&ixid=MnwxMjA3fDB8MHxwaG90by1wYWdlfHx8fGVufDB8fHx8&auto=format&fit=crop&w=400&q=80",
      "title": "New Arivals"
    },
    {
      "thumb_src": "https://images.unsplash.com/photo-1504274066651-8d31a536b11a?ixlib=rb-4.0.3&ixid=MnwxMjA3fDB8MHxwaG90by1wYWdlfHx8fGVufDB8fHx8&auto=format&fit=crop&w=400&q=80",
      "title": "Accessories"
    },
    {
      "thumb_src": "https://images.unsplash.com/photo-1556217256-f4e659e15103?ixlib=rb-4.0.3&ixid=MnwxMjA3fDB8MHxwaG90by1wYWdlfHx8fGVufDB8fHx8&auto=format&fit=crop&w=400&q=80",
      "title": "Sale"
    },
    {
      "thumb_src": "https://images.unsplash.com/photo-1678263085701-8486555cd290?ixlib=rb-4.0.3&ixid=MnwxMjA3fDB8MHxwaG90by1wYWdlfHx8fGVufDB8fHx8&auto=format&fit=crop&w=400&q=80",
      "title": "Design"
    }
  ],
  "reviews": [
    {
      "avatar": "https://images.unsplash.com/photo-1570295999919-56ceb5ecca61?ixlib=rb-4.0.3&ixid=MnwxMjA3fDB8MHxwaG90by1wYWdlfHx8fGVufDB8fHx8&auto=format&fit=crop&w=200&q=80",
      "name": "Hector Gibbs",
      "date": "July 17, 2023",
      "rating": 5,
      "comment": "As we live, our hearts turn colder. Cause pain is what we go through as we become older. We get insulted by others, lose trust for those others. We get back stabbed by friends. ",
      "productID": "01"
    },
    {
      "avatar": "https://images.unsplash.com/photo-1618077360395-f3068be8e001?ixlib=rb-4.0.3&ixid=MnwxMjA3fDB8MHxwaG90by1wYWdlfHx8fGVufDB8fHx8&auto=format&fit=crop&w=200&q=80",
      "name": "Willie Manson",
      "date": "Aug 18, 2023",
      "rating": 4,
      "comment": "It really matters and then like it really doesn’t matter. What matters is the people who are sparked by it. And the people who are like offended by it, it doesn’t matter.",
      "productID": "01"
    },
    {
      "avatar": "https://images.unsplash.com/photo-1485893086445-ed75865251e0?ixlib=rb-4.0.3&ixid=MnwxMjA3fDB8MHxwaG90by1wYWdlfHx8fGVufDB8fHx8&auto=format&fit=crop&w=200&q=80",
      "name": "Mary Doyle",
      "date": "Nov 11, 2023",
      "rating": 5,
      "comment": "It really matters and then like it really doesn’t matter. What matters is the people who are sparked by it. And the people who are like offended by it, it doesn’t matter.",
      "productID": "01"
    },
    {
      "avatar": "https://images.unsplash.com/photo-1633332755192-727a05c4013d?ixlib=rb-4.0.3&ixid=MnwxMjA3fDB8MHxwaG90by1wYWdlfHx8fGVufDB8fHx8&auto=format&fit=crop&w=200&q=80",
      "name": "Joe Molly",
      "date": "Mar 23, 2023",
      "rating": 3,
      "comment": "It’s like a little kid, a little boy, looking at colors, and no one told him what colors are good, before somebody tells you you shouldn’t like pink.",
      "productID": "01"
    },
    {
      "avatar": "https://images.unsplash.com/photo-1534126416832-a88fdf2911c2?ixlib=rb-4.0.3&ixid=MnwxMjA3fDB8MHxwaG90by1wYWdlfHx8fGVufDB8fHx8&auto=format&fit=crop&w=200&q=80",
      "name": "Keisha Megan",
      "date": "Jun 21, 2023",
      "rating": 4,
      "comment": "For standing out. But the time is now to be okay to be the greatest you. Would you believe in what you believe in, if you were the only one who believed it?",
      "productID": "01"
    },
    {
      "avatar": "https://images.unsplash.com/photo-1542909168-82c3e7fdca5c?ixlib=rb-4.0.3&ixid=MnwxMjA3fDB8MHxwaG90by1wYWdlfHx8fGVufDB8fHx8&auto=format&fit=crop&w=200&q=80",
      "name": "Kevin Klein",
      "date": "Dec 01, 2023",
      "rating": 5,
      "comment": "Society has put up so many boundaries, so many limitations on what’s right and wrong that it’s almost impossible to get a pure thought out.",
      "productID": "01"
    }
  ],
  "orders": [
    {
      "orderNumber": 23791,
      "products": [
        {
          "id": "01",
          "status": "Processed",
          "quantity": 1,
          "dateModified": "March 23, 2023"
        },
        {
          "id": "02",
          "status": "Delivered",
          "quantity": 3,
          "dateModified": "June 28, 2023"
        }
      ],
      "payment": {
        "cardNumber": "0042",
        "expiringDate": "01/27"
      },
      "date": "March 23, 2023",
      "address": "Mike Jenkins, 4717, Don Valley Village Toronto, ON N3Y 4H8",
      "email": "g*****@mail.com",
      "phoneNumber": "+1*****21"
    },
    {
      "orderNumber": "WB2341",
      "products": [
        {
          "id": "03",
          "status": "Order Placed",
          "quantity": 1,
          "dateModified": "March 23, 2023"
        }
      ],
      "payment": {
        "cardNumber": "4119",
        "expiringDate": "01/27"
      },
      "date": "March 28, 2023",
      "address": "Mike Jenkins, 4717, Don Valley Village Toronto, ON N3Y 4H8",
      "email": "as*****@mail.com",
      "phoneNumber": "+4*****23"
    },
    {
      "orderNumber": "010110",
      "products": [
        {
          "id": "04",
          "status": "Order Placed",
          "quantity": 1,
          "dateModified": "Sep 09, 2023"
        },
        {
          "id": "01",
          "status": "Shipped",
          "quantity": 1,
          "dateModified": "Sep 12, 2023"
        },
        {
          "id": "02",
          "status": "Delivered",
          "quantity": 1,
          "dateModified": "Sep 13, 2023"
        }
      ],
      "payment": {
        "cardNumber": "5290",
        "expiringDate": "11/27"
      },
      "date": "Sep 07, 2023",
      "address": "Mike Jenkins, 4717, Don Valley Village Toronto, ON N3Y 4H8",
      "email": "ju*****@mail.com",
      "phoneNumber": "+4*****52"
    }
  ],
  "shoppingCart": [
    "01", 
    "02", 
    "03"
  ],
  "shoppingCart2": [ 
    "02", 
    "03",
    "04"
  ],
  "currencies": [
    "USD",
    "EUR",
    "CHF",
    "HUF"
  ],
  "header": [
    {
      "bgImage": "./store-bg.jpg",
      "title": "Spring Collection is here",
      "description": "The time is now for it to be okay to be great. People in this world shun people for being great. For being a bright color. For standing out. But the time is now to be okay to be the greatest you. Would you believe in what you believe in, if you were the only one who believed it?",
      "filterColor": "bg-dark opacity-8",
      "titleColor": "text-white",
      "descriptionColor": "text-white"
    },
    {
      "bgImage": "./volant-unsplash.jpg",
      "title": "Exclusive discounts for members",
      "description": "The time is now for it to be okay to be great. People in this world shun people for being great. For being a bright color. For standing out. But the time is now to be okay to be the greatest you. Would you believe in what you believe in, if you were the only one who believed it?",
      "filterColor": "bg-light opacity-2",
      "titleColor": "text-dark",
      "descriptionColor": "text-dark opacity-8"

    }
  ],
  "storeCategories": [
    {
      "label": "Sofas and armchairs",
      "items": [
        {
          "label": "Sofas",
          "link": "https://www.creative-tim.com/"
        },
        {
          "label": "Armchairs",
          "link": "https://www.creative-tim.com/"
        },
        {
          "label": "Easy chairs",
          "link": "https://www.creative-tim.com/"
        },
        {
          "label": "Chaise longues",
          "link": "https://www.creative-tim.com/"
        },
        {
          "label": "Day beds",
          "link": "https://www.creative-tim.com/"
        },
        {
          "label": "Small sofas",
          "link": "https://www.creative-tim.com/"
        },
        {
          "label": "Poufs",
          "link": "https://www.creative-tim.com/"
        },
        {
          "label": "Footstools",
          "link": "https://www.creative-tim.com/"
        },
        {
          "label": "Sitting Ball",
          "link": "https://www.creative-tim.com/"
        },
        {
          "label": "Cushions",
          "link": "https://www.creative-tim.com/"
        },
        {
          "label": "Kids sofas",
          "link": "https://www.creative-tim.com/"
        }
      ]
    },
    {
      "label": "Chairs",
      "items": [
        {
          "label": "Chairs",
          "link": "https://www.creative-tim.com/"
        },
        {
          "label": "Stools",
          "link": "https://www.creative-tim.com/"
        },
        {
          "label": "Indoor benches",
          "link": "https://www.creative-tim.com/"
        },
        {
          "label": "Easy chairs",
          "link": "https://www.creative-tim.com/"
        },
        {
          "label": "Chair covers",
          "link": "https://www.creative-tim.com/"
        },
        {
          "label": "Kids chairs",
          "link": "https://www.creative-tim.com/"
        }
      ]
    },
    {
      "label": "Bookcases",
      "items": [
        {
          "label": "Bookcases",
          "link": "https://www.creative-tim.com/"
        },
        {
          "label": "Storage walls",
          "link": "https://www.creative-tim.com/"
        },
        {
          "label": "Sideboards",
          "link": "https://www.creative-tim.com/"
        },
        {
          "label": "TV cabinets",
          "link": "https://www.creative-tim.com/"
        },
        {
          "label": "Wall shelves",
          "link": "https://www.creative-tim.com/"
        },
        {
          "label": "Computer Cabinets",
          "link": "https://www.creative-tim.com/"
        }
      ]
    },
    {
      "label": "Beds",
      "items": [
        {
          "label": "Beds",
          "link": "https://www.creative-tim.com/"
        },
        {
          "label": "Bedside tables",
          "link": "https://www.creative-tim.com/"
        },
        {
          "label": "Chests of drawers",
          "link": "https://www.creative-tim.com/"
        },
        {
          "label": "Headboards",
          "link": "https://www.creative-tim.com/"
        },
        {
          "label": "Walk-in wardrobes",
          "link": "https://www.creative-tim.com/"
        },
        {
          "label": "Bedroom sets",
          "link": "https://www.creative-tim.com/"
        }
      ]
    }
  ]
}